{
  "800x800": {
    "views": 100,
    "mean_psnr": 41.33817218780518,
    "mean_ssim": 0.9965999764204025
  },
  "100x100": {
    "views": 100,
    "mean_psnr": 45.260014038085934,
    "mean_ssim": 0.9993013375997544
  }
}