{
  "measured_steps": 5,
  "mean_step_seconds": 1.387246337890625,
  "iterations_per_second": 0.7208525066431591,
  "training_peak_memory_mib": 8989.59521484375
}